,links
0,http://www.owasp.org/index.php/Top_10_2010-A1
1,http://www.owasp.org/index.php/Top_10_2010-A2
2,http://www.owasp.org/index.php/Top_10_2010-A3
3,http://www.owasp.org/index.php/Top_10_2010-A4
4,http://www.owasp.org/index.php/Top_10_2010-A5
5,http://www.owasp.org/index.php/Top_10_2010-A6
6,http://www.owasp.org/index.php/Top_10_2010-A7
7,http://www.owasp.org/index.php/Top_10_2010-A8
8,http://en.wikipedia.org/wiki/Robots_exclusion_standard
9,http://www.owasp.org/index.php/Top_10_2010-A9
10,http://www.owasp.org/index.php/Top_10_2010-A10
11,http://www.owasp.org/index.php/Top_10_2007-A3
12,http://www.owasp.org/index.php/Top_10_2007-A6
13,http://samurai.inguardians.com/
14,http://www.irongeek.com/i.php?page=security/mutillidae-deliberately-vulnerable-php-owasp-top-10
15,http://www.hackersforcharity.org/ghdb/
16,http://www.youtube.com/user/webpwnized
17,http://www.irongeek.com
18,http://www.irongeek.com/i.php?page=security/mutillidae-deliberately-vulnerable-php-owasp-top-10
19,http://www.backtrack-linux.org/
20,http://samurai.inguardians.com/
21,http://www.eclipse.org/pdt/
22,http://www.php.net/
23,http://www.quest.com/toad-for-mysql/
24,http://www.hackersforcharity.org/
25,http://www.irongeek.com/i.php?page=security/mutillidae-deliberately-vulnerable-php-owasp-top-10
26,http://irongeek.com
